first_name,last_name,address,date_of_birth
Gvp,Uaeljaw,110 Pftq Street 83200,2023-09-15 00:00:00
Grw,Nictvmh,059 Uxy Lane 37343,1982-06-26 00:00:00
Oynq,Ohrfl,504 Hfaksw Lane 40788,2023-04-18 00:00:00
Edk,Repzupg,574 Fuheuc Avenue 89357,1964-06-05 00:00:00
Fnq,Riasfb,771 Pofly Lane 51256,1965-10-03 00:00:00
Qyxxq,Qluogjg,373 Wcomsoh Street Road 52889,2005-02-06 00:00:00
Sow,Sab,543 Fxhmzqh Lane 99752,1976-05-25 00:00:00
Ygsok,Wbvn,243 Eqmwav Avenue 25353,2009-01-04 00:00:00
Qxnld,Zwt,337 Hvvin Street 43729,2001-05-07 00:00:00
Oyi,Mpi,432 Gaxup Street Road 96908,2023-10-03 00:00:00
Mvfhsyc,Tptamw,035 Zfb Street Road 25024,1990-04-26 00:00:00
Bcmdfuk,Enzlco,734 Jttm Avenue 52843,1994-11-30 00:00:00
Gby,Nvpmwq,740 Yoz Lane 89408,1997-01-10 00:00:00
Vzp,Gawgrv,840 Afge Street 32183,1964-01-23 00:00:00
Uhfrrck,Flnmq,681 Jwer Avenue 06006,1978-05-13 00:00:00
Fwit,Djojom,784 Cbbkag Street Road 19318,1963-01-17 00:00:00
Uweeurd,Qopyfq,114 Hnckmwy Street Road 10841,2019-02-07 00:00:00
Rmqlw,Lhjp,132 Osbzopg Street 44089,1972-06-22 00:00:00
Lkjuu,Nxhiuuv,765 Jnmym Street 13135,1976-11-12 00:00:00
Pnt,Lfg,181 Rpitq Street 35845,2000-10-14 00:00:00
Nmsxkie,Aeemhi,699 Pcptaq Lane 15299,2003-09-04 00:00:00
Xpm,Sxegyz,779 Pqdg Lane 36129,1977-11-09 00:00:00
Bfxlq,Focguf,469 Rvxk Avenue 21307,1975-08-13 00:00:00
Mblaqz,Lupmy,715 Nzs Lane 65594,1985-12-14 00:00:00
Xojyyu,Ygw,534 Ggttjuc Avenue 10370,1961-02-22 00:00:00
Znvav,Xexvu,322 Vqxovlm Lane 74338,1977-11-15 00:00:00
Utipvjn,Kpbbr,079 Yud Lane 59666,1976-10-17 00:00:00
Wpf,Gitgccj,649 Mrd Street 64663,1993-01-31 00:00:00
Kouttas,Astbs,401 Qqsr Street Road 40522,2005-02-22 00:00:00
Dwwgl,Lqk,063 Yxqtneu Street 09635,1995-02-20 00:00:00
Dtmwdq,Lpurdri,020 Rqhy Lane 42362,2011-03-02 00:00:00
Yriove,Qoippk,478 Kmi Street Road 05073,2005-09-09 00:00:00
Ccl,Ctneoay,754 Yfzz Street 66878,2011-01-24 00:00:00
Tkc,Dcrxw,248 Wnkab Street 88051,1961-01-28 00:00:00
Hfq,Izzfdbv,281 Mhgator Street Road 79024,2014-07-09 00:00:00
Zmfy,Vgcadx,102 Zjjcu Street 53228,1994-01-09 00:00:00
Cuxi,Otxe,861 Cbnvje Avenue 39996,1972-02-02 00:00:00
Siu,Jucqtn,409 Nml Street Road 76353,1976-06-17 00:00:00
Lss,Qufjk,996 Vbcl Street 59934,2022-10-12 00:00:00
Jule,Ygowz,717 Jwrjkzq Avenue 48375,2001-05-19 00:00:00
Gkp,Cuyza,188 Hbxbtcw Street Road 04886,1982-02-17 00:00:00
Vmdwwu,Bwet,442 Fykntg Street Road 67080,1997-07-12 00:00:00
Ldnegd,Alfa,672 Tawf Street 85806,1977-09-13 00:00:00
Kzdf,Telneia,688 Gftp Street Road 83314,1984-12-03 00:00:00
Mcx,Mhodvs,603 Oss Avenue 35719,1976-11-13 00:00:00
Amwucwm,Icfqq,506 Hiy Lane 85909,1961-10-19 00:00:00
Gpbzz,Ebp,260 Tmwmcuc Lane 79811,1975-10-04 00:00:00
Kaeos,Gxm,461 Wxbhqv Street 98638,2021-09-09 00:00:00
Mdkcn,Mnovdqs,868 Bkwwlo Street Road 01329,1989-03-12 00:00:00
Pfsc,Ctgjca,673 Azmiv Lane 46509,2016-07-06 00:00:00
Gsgj,Npkfnng,041 Pfktbv Street 76559,1981-12-29 00:00:00
Aob,Acovgz,474 Cabvld Street 14617,1986-08-07 00:00:00
Dexxhq,Atyt,740 Sxlhpwb Lane 94806,1975-05-27 00:00:00
Rsafycn,Won,511 Qmtsbqy Lane 89636,1999-03-26 00:00:00
Zje,Dpfntid,131 Hnevnv Street 18896,1987-05-14 00:00:00
Npgdnr,Ple,123 Sygiiwb Lane 50718,1992-09-19 00:00:00
Ovqnnl,Bakvfn,582 Glh Avenue 49658,1983-02-15 00:00:00
Xbt,Asbvua,511 Mvec Street Road 69361,2015-11-17 00:00:00
Leiktxy,Gcopcl,680 Cwbnaxg Avenue 31985,1999-06-08 00:00:00
Dlo,Jemlx,490 Nod Street Road 58592,1972-12-20 00:00:00
Ycxqf,Blmsaw,400 Nzaqywp Street Road 21998,2005-02-17 00:00:00
Cdg,Vkner,370 Esncce Avenue 28556,2007-02-18 00:00:00
Tvmx,Uziinr,129 Xei Avenue 38304,1964-11-09 00:00:00
Aivlibt,Tbs,193 Tsxjhaa Lane 08376,2001-02-18 00:00:00
Okcn,Zvo,126 Mehy Street 53323,1988-09-01 00:00:00
Qwm,Jkxwis,409 Gyez Avenue 24725,2000-10-07 00:00:00
Fkvftb,Glrrpyh,595 Pxs Avenue 56585,1991-10-13 00:00:00
Skfi,Lmno,658 Lfabxiy Street 71608,1976-02-01 00:00:00
Ayxozai,Myjqp,266 Kokb Street Road 53853,2008-05-10 00:00:00
Ckh,Xgb,373 Mtjskcq Street Road 25468,2016-10-29 00:00:00
Huzb,Gnsddn,413 Wgef Lane 94648,1964-04-23 00:00:00
Noh,Pbxlimu,010 Epoydap Avenue 56229,1997-03-21 00:00:00
Euu,Djn,058 Zcydc Street 97569,1988-12-08 00:00:00
Uagod,Gfmrbvh,077 Rhceule Street 46049,1968-07-17 00:00:00
Hju,Mkb,447 Qulymy Lane 77180,1983-04-30 00:00:00
Josxvjm,Rml,868 Yvasgtz Street Road 99051,2022-08-07 00:00:00
Kzccze,Sgje,354 Xtt Street Road 45314,1966-09-18 00:00:00
Ffzzx,Fmdumy,612 Tgjte Street 56083,1990-03-01 00:00:00
Tbw,Hmtr,631 Rvqd Street 38923,1976-10-30 00:00:00
Umqj,Aqu,902 Wdb Avenue 12453,2008-05-06 00:00:00
Una,Nco,177 Moxcwei Lane 99734,1996-05-20 00:00:00
Eszbhxe,Svhprti,755 Aec Street 10037,1985-08-17 00:00:00
Njf,Ttw,610 Sjxx Street Road 21317,1964-01-01 00:00:00
Vea,Iycilun,415 Twxtlp Lane 04973,2001-12-12 00:00:00
Jdccjzi,Sknfxnd,304 Offomcb Lane 21757,2022-02-10 00:00:00
Zci,Nnnbx,721 Owg Street Road 37746,2021-07-21 00:00:00
Lnlsr,Mfi,485 Bpxrtx Avenue 67287,1976-05-12 00:00:00
Lryin,Katah,573 Qmls Avenue 31556,1999-10-06 00:00:00
Sgdy,Alwl,605 Gccpisw Avenue 22654,1989-10-04 00:00:00
Kvttk,Syehxgz,475 Wkdcwu Street 12752,2001-03-07 00:00:00
Dgtkhrj,Zco,458 Wpmtjcf Avenue 73068,1975-09-23 00:00:00
Pocq,Hdtcpq,585 Drgcdc Street Road 57119,1984-10-15 00:00:00
Bqzwii,Waa,205 Sjzst Street 94463,1965-04-29 00:00:00
Qly,Wel,460 Hkx Lane 82944,1965-08-22 00:00:00
Vucxz,Dcx,596 Xqj Avenue 01152,1990-01-17 00:00:00
Gnpnhri,Mfwks,919 Sqvxy Street 29604,1976-11-21 00:00:00
Meeeph,Pyt,512 Kzuosj Lane 02636,1961-04-14 00:00:00
Clxknt,Ccpu,141 Zykajmk Lane 82412,2023-04-14 00:00:00
Dgvejl,Kfzxgx,602 Dzujzng Lane 80328,1970-11-28 00:00:00
Diyh,Fchbwx,272 Mrgalc Avenue 46300,1983-11-28 00:00:00
